{"RE19": {"PGV": {"c1": -4.4578, "c2": 1.6540,
                          "c3": -0.1044, "c4": -1.6308,
                          "c5": 0.2082, "c6": -1.6465,
                          "c7": 0.1568, "c8": -2.3547,
                          "c9": 0.0676, "c10": -0.000991,
                          "c11": 2.8899},
                  "PGA": {"c1": -2.1780, "c2": 1.6355,
                          "c3": -0.1241, "c4": -1.8303,
                          "c5": 0.2165, "c6": -1.8318,
                          "c7": 0.1622, "c8": -1.9899,
                          "c9": 0.0678, "c10": -0.002073,
                          "c11": 2.3460}},
         "AK14": {"PGA": {"a1": 2.52977, "a2": 0.0029, "a3": -0.05496,
                          "a4": -1.31001, "a5": 0.2529, "a6":	7.5,
                          "a7": -0.5096, "a8": -0.1091,"a9":0.0937,
                          "c1": 6.75, "V_con":1000, "V_ref": 750, 
                          "c": 2.5, "n":3.2, "b1":-0.41997,
                          "b2": -0.28846, "phi":	0.6375,
                          "tau":	0.3581, "sigma": 0.7121},
                 "PGV": {"a1":6.13498, "a2":0.0029, "a3": -0.12091,
                        "a4":-1.04013, "a5": 0.2529, "a6":7.5,
                        "a7":-0.5096, "a8":-0.0616, "a9":0.063,
                        "c1":6.75, "V_con":	1000, "V_ref":	750,
                        "c":2.5, "n":3.2, "b1": -0.72057,
                        "b2":-0.19688, "phi":0.6143, "tau":0.3485,
                        "sigma": 0.7121
                        }
                }
        }